Date,Location,Positive,Tested,Symptomatic,Asymptomatic,Sym-unknown,Hosp_require,Hosp_mild,Hosp_severe,Hosp_unknown,Hosp_waiting,Discharged,Fatal
2020-02-06,Domestic,16,132,16,0,0,,9,0,3,0,4,0
2020-02-06,Returnee,9,566,5,4,0,,3,0,2,0,0,0
2020-02-07,Domestic,16,151,16,0,0,,12,0,0,0,4,0
2020-02-07,Returnee,9,566,6,3,0,,4,0,2,0,0,0
2020-02-10,Domestic,16,174,16,0,0,,7,0,0,0,9,0
2020-02-10,Returnee,10,764,7,3,0,,4,0,3,0,0,0
2020-02-12,Domestic,16,190,16,0,0,,6,0,0,0,10,0
2020-02-12,Returnee,12,764,9,3,0,,8,0,1,0,0,0
2020-02-13,Domestic,17,200,17,0,0,,6,0,0,0,11,0
2020-02-13,Returnee,12,764,9,3,0,,0,0,0,0,0,0
2020-02-14,Domestic,21,214,21,0,0,,9,0,1,0,11,0
2020-02-14,Returnee,12,764,9,3,0,,8,0,0,0,1,0
2020-02-17,Domestic,46,487,38,8,0,,17,3,4,0,13,1
2020-02-17,Returnee,13,764,9,4,0,,6,0,0,0,3,0
2020-02-18,Domestic,53,523,44,9,0,,25,3,3,0,12,1
2020-02-18,Returnee,13,764,9,4,0,,5,0,0,0,4,0
2020-02-19,Domestic,60,532,50,10,0,,25,6,4,0,14,1
2020-02-19,Returnee,13,764,9,4,0,,5,0,0,0,4,0
2020-02-20,Domestic,70,603,60,10,0,,24,7,12,0,16,1
2020-02-20,Returnee,14,829,10,4,0,,6,0,0,0,4,0
2020-02-21,Domestic,79,693,69,10,0,,29,9,14,0,16,1
2020-02-21,Returnee,14,829,10,4,0,,6,0,0,0,4,0
2020-02-22,Domestic,90,778,80,10,0,,32,10,20,0,17,1
2020-02-22,Returnee,15,829,11,4,0,,6,0,1,0,7,0
2020-02-23,Domestic,114,874,102,12,0,,42,11,31,0,17,1
2020-02-23,Returnee,15,829,11,4,0,,6,0,1,0,7,0
2020-02-24,Domestic,126,913,114,12,0,,52,13,31,0,17,1
2020-02-24,Returnee,15,829,11,4,0,,4,0,1,0,9,0
2020-02-25,Domestic,140,1017,128,12,1,,58,14,38,0,9,1
2020-02-25,Returnee,15,829,11,4,0,,4,0,1,0,9,0
2020-02-26,Domestic,149,1061,136,13,0,,63,15,35,0,23,1
2020-02-26,Returnee,15,829,11,4,0,,4,0,1,0,9,0
2020-02-27,Domestic,171,1229,156,15,0,,60,16,51,0,30,3
2020-02-27,Returnee,15,829,11,4,0,,4,0,1,0,10,0
2020-02-28,Domestic,195,1380,180,15,0,,73,20,57,0,30,4
2020-02-28,Returnee,15,829,11,4,0,,4,0,0,0,11,0
2020-02-29,Domestic,215,1510,197,18,0,,82,22,58,3,31,5
2020-02-29,Returnee,15,829,11,4,0,,0,0,0,0,15,0
2020-03-01,Domestic,224,1688,206,18,0,,90,23,56,5,31,5
2020-03-01,Returnee,15,829,11,4,0,,0,0,0,0,15,0
2020-03-02,Domestic,239,1784,221,18,0,,95,23,65,5,32,6
2020-03-02,Returnee,15,829,11,4,0,,0,0,0,0,15,0
2020-03-03,Domestic,253,1855,230,23,0,,98,24,65,11,35,6
2020-03-03,Returnee,15,829,11,4,0,,0,0,0,0,15,0
2020-03-04,Domestic,269,5690,246,23,0,,100,24,78,13,37,6
2020-03-04,Returnee,15,829,11,4,0,,0,0,0,0,15,0
2020-03-05,Domestic,302,5948,276,26,0,,102,27,102,14,38,6
2020-03-05,Airport,1,,1,0,0,,1,0,0,0,0,0
2020-03-05,Returnee,15,829,11,4,0,,0,0,0,0,15,0
2020-03-06,Domestic,333,6647,302,31,0,,139,30,68,20,56,6
2020-03-06,Airport,1,,1,0,0,,1,0,0,0,0,0
2020-03-06,Returnee,15,829,11,4,0,,0,0,0,0,15,0
2020-03-07,Domestic,392,7200,355,37,0,,176,28,82,13,63,6
2020-03-07,Airport,1,,1,0,0,,1,0,0,0,0,0
2020-03-07,Returnee,15,829,11,4,0,,0,0,0,0,15,0
2020-03-08,Domestic,439,7347,397,42,0,,193,27,102,15,67,6
2020-03-08,Airport,1,,1,0,0,,1,0,0,0,0,0
2020-03-08,Returnee,15,829,11,4,0,,0,0,0,0,15,0
2020-03-09,Domestic,472,7457,427,45,0,,179,33,121,12,88,7
2020-03-09,Airport,1,,1,0,0,,1,0,0,0,0,0
2020-03-09,Returnee,15,829,11,4,0,,0,0,0,0,15,0
2020-03-10,Domestic,498,8771,446,52,0,,196,31,120,17,89,9
2020-03-10,Airport,1,,1,0,0,,1,0,0,0,0,0
2020-03-10,Returnee,15,829,11,4,0,,0,0,0,0,15,0
2020-03-11,Domestic,552,9195,492,60,0,,194,26,161,16,103,12
2020-03-11,Airport,1,,1,0,0,,1,0,0,0,0,0
2020-03-11,Returnee,15,829,11,4,0,,0,0,0,0,15,0
2020-03-12,Domestic,608,9376,542,62,0,,229,29,166,15,108,15
2020-03-12,Airport,1,,1,0,0,,1,0,0,0,0,0
2020-03-12,Returnee,15,829,11,4,0,,0,0,0,0,15,0
2020-03-13,Domestic,659,11231,591,68,0,,268,32,158,15,120,19
2020-03-13,Airport,2,,1,1,0,,1,0,0,0,0,0
2020-03-13,Returnee,15,829,11,4,0,,0,0,0,0,15,0
2020-03-14,Domestic,699,12090,629,69,1,,292,35,161,14,129,21
2020-03-14,Airport,2,,1,1,0,,1,0,0,0,0,0
2020-03-14,Returnee,15,829,11,4,0,,0,0,0,0,15,0
2020-03-15,Domestic,762,12197,681,74,7,,298,36,190,17,142,22
2020-03-15,Airport,3,,1,2,0,,1,0,0,0,0,0
2020-03-15,Returnee,15,829,11,4,0,,0,0,0,0,15,0
2020-03-16,Domestic,794,12239,702,74,18,,300,41,194,20,149,24
2020-03-16,Airport,5,,1,4,0,,1,0,0,0,0,0
2020-03-16,Returnee,15,829,11,4,0,,0,0,0,0,15,0
2020-03-17,Domestic,809,12989,717,88,4,,317,46,182,16,156,28
2020-03-17,Airport,5,,1,4,0,,1,0,0,0,0,0
2020-03-17,Returnee,15,829,11,4,0,,0,0,0,0,15,0
2020-03-18,Domestic,853,13192,758,92,3,,337,46,187,14,176,29
2020-03-18,Airport,5,,1,4,0,,1,0,0,0,0,0
2020-03-18,Returnee,15,829,11,4,0,,0,0,0,0,15,0
2020-03-19,Domestic,892,14072,794,96,2,,356,49,175,15,200,31
2020-03-19,Airport,7,,1,6,0,,1,0,0,0,0,0
2020-03-19,Returnee,15,829,11,4,0,,0,0,0,0,15,0
2020-03-20,Domestic,928,18015,829,97,2,,373,50,182,14,212,33
2020-03-20,Airport,7,,1,6,0,,1,0,0,0,0,0
2020-03-20,Returnee,15,829,11,4,0,,0,0,0,0,15,0
2020-03-21,Domestic,981,18134,871,104,6,,402,55,185,13,217,35
2020-03-21,Airport,11,1137,2,9,0,,2,0,0,0,0,0
2020-03-21,Returnee,15,829,11,4,0,,0,0,0,0,15,0
2020-03-22,Domestic,1015,18226,907,105,3,,400,57,183,13,257,36
2020-03-22,Airport,16,1173,4,12,0,,4,0,0,2,0,0
2020-03-22,Returnee,15,829,11,4,0,,0,0,0,0,15,0
2020-03-23,Domestic,1057,18322,944,110,3,,423,54,187,10,260,41
2020-03-23,Airport,17,1189,5,12,0,,5,0,0,1,0,0
2020-03-23,Returnee,15,829,11,4,0,,0,0,0,0,15,0
2020-03-24,Domestic,1095,22184,980,110,5,,444,55,185,10,285,42
2020-03-24,Airport,18,1417,5,13,0,,4,0,0,0,1,0
2020-03-24,Returnee,15,829,11,4,0,,0,0,0,0,15,0
2020-03-25,Domestic,1160,21266,1039,113,8,,474,57,203,10,294,43
2020-03-25,Airport,18,1426,5,13,0,,4,0,0,0,1,0
2020-03-25,Returnee,15,829,11,4,0,,0,0,0,0,15,0
2020-03-26,Domestic,1254,22858,1119,127,8,,504,56,202,11,343,45
2020-03-26,Airport,23,1484,10,13,0,,9,0,0,0,1,0
2020-03-26,Returnee,15,829,11,4,0,,0,0,0,0,15,0
2020-03-27,Domestic,1349,24663,1191,131,27,,563,56,203,13,356,46
2020-03-27,Airport,23,1513,10,13,0,,9,0,0,0,1,0
2020-03-27,Returnee,15,829,11,4,0,,0,0,0,0,15,0
2020-03-28,Domestic,1453,26105,1251,134,68,,651,60,224,13,388,49
2020-03-28,Airport,31,1530,15,16,0,,30,0,0,0,1,0
2020-03-28,Returnee,15,829,11,4,0,,0,0,0,0,15,0
2020-03-29,Domestic,1647,26401,1352,162,133,,659,59,323,13,408,52
2020-03-29,Airport,31,1530,15,16,0,,30,0,0,0,1,0
2020-03-29,Returnee,15,829,11,4,0,,0,0,0,0,15,0
2020-03-30,Domestic,1820,26607,1420,190,210,,696,59,380,13,408,54
2020-03-30,Airport,31,1530,15,16,0,,30,0,0,0,1,0
2020-03-30,Returnee,15,829,11,4,0,,0,0,0,0,15,0
2020-03-31,Domestic,1887,30088,1466,195,226,,715,59,410,13,408,56
2020-03-31,Airport,51,1580,17,34,0,,50,0,0,0,1,0
2020-03-31,Returnee,15,829,11,4,0,,0,0,0,0,15,0
2020-04-01,Domestic,2107,32002,1594,202,311,,797,60,417,9,456,57
2020-04-01,Airport,56,1677,18,38,0,,55,0,0,0,1,0
2020-04-01,Returnee,15,829,11,4,0,,0,0,0,0,15,0
2020-04-02,Domestic,2306,32002,1693,227,386,,882,62,418,9,489,60
2020-04-02,Airport,60,1679,19,41,0,,59,0,0,0,1,0
2020-04-02,Returnee,15,829,11,4,0,,0,0,0,0,15,0
2020-04-03,Domestic,2541,36687,1808,241,492,,958,64,456,10,498,63
2020-04-03,Airport,61,1930,19,42,0,,60,0,0,0,1,0
2020-04-03,Returnee,15,829,11,4,0,,0,0,0,0,15,0
2020-04-04,Domestic,2855,39992,2017,265,573,,1183,69,389,13,559,69
2020-04-04,Airport,65,2061,23,42,0,,64,0,0,0,1,0
2020-04-04,Returnee,15,829,11,4,0,,0,0,0,0,15,0
2020-04-05,Domestic,3191,40263,2205,278,708,,1389,70,373,13,568,70
2020-04-05,Airport,65,3547,23,42,0,,64,0,0,0,1,0
2020-04-05,Returnee,15,829,11,4,0,,0,0,0,0,15,0
2020-04-06,Domestic,3569,40481,2395,289,885,,1551,79,386,20,575,73
2020-04-06,Airport,70,4862,23,47,0,,68,0,0,0,2,0
2020-04-06,Returnee,15,829,11,4,0,,0,0,0,0,15,0
2020-04-07,Domestic,3817,48357,2551,294,972,,1631,80,414,35,605,80
2020-04-07,Airport,74,6125,24,50,0,,72,0,0,0,2,0
2020-04-07,Returnee,15,829,11,4,0,,0,0,0,0,15,0
2020-04-08,Domestic,4168,52901,2771,306,1091,,1865,99,378,39,615,81
2020-04-08,Airport,74,7768,24,50,0,,72,0,0,0,2,0
2020-04-08,Returnee,15,829,11,4,0,,0,0,0,0,15,0
2020-04-09,Domestic,4667,54284,3069,335,1263,,2143,109,356,43,668,85
2020-04-09,Airport,86,9274,29,57,0,,84,0,0,0,2,0
2020-04-09,Returnee,15,829,11,4,0,,0,0,0,0,15,0
2020-04-10,Domestic,5246,57125,3445,363,1438,,2414,117,442,50,697,88
2020-04-10,Airport,86,10817,29,57,0,,84,0,0,0,2,0
2020-04-10,Returnee,15,829,11,4,0,,0,0,0,0,15,0
2020-04-11,Domestic,5902,61991,3874,387,1641,,2678,122,558,64,745,94
2020-04-11,Airport,88,12071,29,59,0,,86,0,0,0,2,0
2020-04-11,Returnee,15,829,11,4,0,,0,0,0,0,15,0
2020-04-12,Domestic,6616,63132,4257,420,1939,,3030,129,576,77,767,98
2020-04-12,Airport,117,13420,34,83,0,,115,0,0,0,2,0
2020-04-12,Returnee,15,829,11,4,0,,0,0,0,0,15,0
2020-04-13,Domestic,7123,63132,4507,444,2172,,3161,135,623,148,782,102
2020-04-13,Airport,117,14741,34,83,0,,115,0,0,0,2,0
2020-04-13,Returnee,15,829,11,4,0,,0,0,0,0,15,0
2020-04-14,Domestic,7509,72801,4749,470,2290,,3352,152,617,153,836,109
2020-04-14,Airport,121,15921,34,87,0,,119,0,0,0,2,0
2020-04-14,Returnee,15,829,11,4,0,,0,0,0,0,15,0
2020-04-15,Domestic,7964,76425,4991,490,2483,,3567,168,583,160,884,119
2020-04-15,Airport,121,16982,34,87,0,,119,0,0,0,2,0
2020-04-15,Returnee,15,829,11,4,0,,0,0,0,0,15,0
2020-04-16,Domestic,8442,81825,5309,513,2620,,3848,193,550,177,918,136
2020-04-16,Airport,125,18049,34,91,0,,123,0,0,0,2,0
2020-04-16,Returnee,15,829,11,4,0,,0,0,0,0,15,0
2020-04-17,Domestic,9027,86800,5693,539,2795,,4103,207,560,219,995,148
2020-04-17,Airport,125,18743,34,91,0,,123,0,0,0,2,0
2020-04-17,Returnee,15,829,11,4,0,,0,0,0,0,15,0
2020-04-18,Domestic,9654,91050,6011,564,3079,,4323,211,597,238,1052,154
2020-04-18,Airport,126,19446,34,92,0,,124,0,0,0,2,0
2020-04-18,Returnee,15,829,11,4,0,,0,0,0,0,15,0
2020-04-19,Domestic,10219,91695,6308,588,3323,,4528,217,581,267,1142,161
2020-04-19,Airport,127,20292,34,93,0,,125,0,0,0,2,0
2020-04-19,Returnee,15,829,11,4,0,,0,0,0,0,15,0
2020-04-20,Domestic,10608,94826,6611,606,3391,,4723,231,573,297,1222,171
2020-04-20,Airport,128,21070,34,94,0,,126,0,0,0,2,0
2020-04-20,Returnee,15,829,11,4,0,,0,0,0,0,15,0
2020-04-21,Domestic,10974,101818,6823,634,3517,,4794,232,599,307,1339,186
2020-04-21,Airport,130,21903,35,95,0,,128,0,0,0,2,0
2020-04-21,Returnee,15,829,11,4,0,,0,0,0,0,15,0
2020-04-22,Domestic,11350,107430,7050,660,3640,,4941,241,589,329,2023,277
2020-04-22,Airport,131,22328,35,96,0,,129,0,0,0,2,0
2020-04-22,Returnee,15,829,11,4,0,,0,0,0,0,15,0
2020-04-23,Domestic,11772,112108,7269,677,3826,,5024,259,622,351,2391,287
2020-04-23,Airport,132,23046,35,97,0,,130,0,0,0,2,0
2020-04-23,Returnee,15,829,11,4,0,,0,0,0,0,15,0
2020-04-24,Domestic,12240,117367,7531,703,4006,,5207,263,610,383,2519,317
2020-04-24,Airport,133,23404,35,98,0,,131,0,0,0,2,0
2020-04-24,Returnee,15,829,11,4,0,,0,0,0,0,15,0
2020-04-25,Domestic,12681,122700,7741,718,4222,,5295,287,625,372,2645,334
2020-04-25,Airport,133,23925,35,98,0,,131,0,0,0,2,0
2020-04-25,Returnee,15,829,11,4,0,,0,0,0,0,15,0
2020-04-26,Domestic,13031,123633,7895,802,4334,,5482,296,617,317,2798,348
2020-04-26,Airport,136,24612,35,101,0,,134,0,0,0,2,0
2020-04-26,Returnee,15,829,11,4,0,,0,0,0,0,15,0
2020-04-27,Domestic,13232,124456,8051,833,4348,,5545,300,671,311,2888,351
2020-04-27,Airport,138,25407,35,103,0,,136,0,0,0,2,0
2020-04-27,Returnee,15,829,11,4,0,,0,0,0,0,15,0
2020-04-28,Domestic,13422,133578,8177,848,4397,,5577,305,663,310,3170,376
2020-04-28,Airport,139,26138,35,104,0,,137,0,0,0,2,0
2020-04-28,Returnee,15,829,11,4,0,,0,0,0,0,15,0
2020-04-29,Domestic,13695,136695,8306,864,4525,,5600,306,688,308,3357,389
2020-04-29,Airport,142,26731,35,107,0,,140,0,0,0,2,0
2020-04-29,Returnee,15,829,11,4,0,,0,0,0,0,15,0
2020-04-30,Domestic,13929,137338,8469,898,4562,,5713,308,692,310,3449,415
2020-04-30,Airport,144,27442,35,109,0,,142,0,0,0,2,0
2020-04-30,Returnee,15,829,11,4,0,,0,0,0,0,15,0
2020-05-01,Domestic,14120,145243,8596,916,4608,,5526,328,675,287,3964,432
2020-05-01,Airport,146,28078,35,111,0,,144,0,0,0,2,0
2020-05-01,Returnee,15,829,11,4,0,,0,0,0,0,15,0
2020-05-02,Domestic,14383,152029,8683,938,4762,,5510,324,674,288,4194,458
2020-05-02,Airport,146,28669,35,111,0,,144,0,0,0,2,0
2020-05-02,Returnee,15,829,11,4,0,,0,0,0,0,15,0
2020-05-03,Domestic,14677,153047,8802,945,4930,,5522,321,667,284,4368,492
2020-05-03,Airport,147,29375,35,112,0,,145,0,0,0,2,0
2020-05-03,Returnee,15,829,11,4,0,,0,0,0,0,15,0
2020-05-04,Domestic,14895,153581,8921,953,5021,,5527,308,691,276,4479,510
2020-05-04,Airport,147,30176,35,112,0,,145,0,0,0,2,0
2020-05-04,Returnee,15,829,11,4,0,,0,0,0,0,15,0
2020-05-05,Domestic,15069,154646,9007,961,5101,,5565,309,681,279,4570,521
2020-05-05,Airport,147,30868,35,112,0,,145,0,0,0,2,0
2020-05-05,Returnee,15,829,11,4,0,,0,0,0,0,15,0
2020-05-06,Domestic,15192,156866,9072,1005,5115,,5396,308,652,260,4901,543
2020-05-06,Airport,147,31232,35,112,0,,145,0,0,0,2,0
2020-05-06,Returnee,15,829,11,4,0,,0,0,0,0,15,0
2020-05-07,Domestic,15300,157563,9154,1012,5134,,5287,300,650,267,5129,551
2020-05-07,Airport,148,31638,35,113,0,,146,0,0,0,2,0
2020-05-07,Returnee,15,829,11,4,0,,0,0,0,0,15,0
2020-05-08,Domestic,15382,169546,9224,1024,5134,,4974,287,621,270,5889,557
2020-05-08,Airport,150,31638,35,115,0,,148,0,0,0,2,0
2020-05-08,Returnee,15,829,11,4,0,,0,0,0,0,15,0
2020-05-09,Domestic,15483,179043,,,,6302,,266,,,8110,600
2020-05-09,Airport,151,32125,,,,149,,0,,,2,0
2020-05-09,Returnee,15,829,,,,0,,0,,,15,0
2020-05-10,Domestic,15581,180478,,,,6250,,267,,,8276,613
2020-05-10,Airport,151,32949,,,,149,,0,,,2,0
2020-05-10,Returnee,15,829,,,,0,,0,,,15,0
2020-05-11,Domestic,15630,183845,,,,6074,,249,,,8514,621
2020-05-11,Airport,153,33530,,,,151,,0,,,2,0
2020-05-11,Returnee,15,829,,,,0,,0,,,15,0
2020-05-12,Domestic,15706,188646,,,,5914,,243,,,8903,643
2020-05-12,Airport,153,34174,,,,151,,0,,,2,0
2020-05-12,Returnee,15,829,,,,0,,0,,,15,0
2020-05-13,Domestic,15854,188031,,,,5162,,259,,,9851,668
2020-05-13,Airport,155,34807,,,,153,,0,,,2,0
2020-05-13,Returnee,15,829,,,,0,,0,,,15,0
2020-05-14,Domestic,15908,196816,,,,4732,,245,,,10321,687
2020-05-14,Airport,156,35499,,,,154,,0,,,2,0
2020-05-14,Returnee,15,829,,,,0,,0,,,15,0
2020-05-15,Domestic,16022,194323,,,,4339,,237,,,10792,710
2020-05-15,Airport,156,35730,,,,154,,0,,,2,0
2020-05-15,Returnee,15,829,,,,0,,0,,,15,0
2020-05-16,Domestic,16066,203284,,,,4025,,232,,,11136,725
2020-05-16,Airport,156,36255,,,,154,,0,,,2,0
2020-05-16,Returnee,15,829,,,,0,,0,,,15,0
2020-05-17,Domestic,16112,206790,,,,3787,,230,,,11398,744
2020-05-17,Airport,158,36833,,,,156,,0,,,2,0
2020-05-17,Returnee,15,829,,,,0,,0,,,15,0
2020-05-18,Domestic,16132,211832,,,,3667,,228,,,11547,749
2020-05-18,Airport,158,37490,,,,156,,0,,,2,0
2020-05-18,Returnee,15,829,,,,0,,0,,,15,0
2020-05-19,Domestic,16192,216624,,,,3400,,213,,,11867,763
2020-05-19,Airport,158,38222,,,,156,,0,,,2,0
2020-05-19,Returnee,15,829,,,,0,,0,,,15,0
2020-05-20,Domestic,16212,218744,,,,3009,,210,,,12269,771
2020-05-20,Airport,158,38704,,,,156,,0,,,2,0
2020-05-20,Returnee,15,829,,,,0,,0,,,15,0
2020-05-21,Domestic,16251,221397,,,,2761,,195,,,12655,777
2020-05-21,Airport,158,39346,,,,156,,0,,,2,0
2020-05-21,Returnee,15,829,,,,0,,0,,,15,0
2020-05-22,Domestic,16339,224972,,,,2495,,176,,,12988,796
2020-05-22,Airport,159,39701,,,,157,,0,,,2,0
2020-05-22,Returnee,15,829,,,,0,,0,,,15,0
2020-05-23,Domestic,16362,227445,,,,2293,,174,,,13227,808
2020-05-23,Airport,159,40203,,,,157,,0,,,2,0
2020-05-23,Returnee,15,829,,,,0,,0,,,15,0
2020-05-24,Domestic,16375,229669,,,,2130,,168,,,13396,820
2020-05-24,Airport,160,40703,,,,157,,0,,,151,0
2020-05-24,Returnee,15,829,,,,0,,0,,,15,0
2020-05-25,Domestic,16404,230562,,,,2111,,165,,,13446,830
2020-05-25,Airport,162,41297,,,,10,,0,,,151,0
2020-05-25,Returnee,15,829,,,,0,,0,,,15,0
2020-05-26,Domestic,16445,233399,,,,1939,,155,,,13643,846
2020-05-26,Airport,163,41942,,,,11,,0,,,152,0
2020-05-26,Returnee,15,829,,,,0,,0,,,15,0
2020-05-27,Domestic,16469,235422,,,,1788,,147,,,13806,858
2020-05-27,Airport,167,42391,,,,15,,0,,,152,0
2020-05-27,Returnee,15,829,,,,0,,0,,,15,0
2020-05-28,Domestic,16498,237367,,,,1637,,136,,,13979,867
2020-05-28,Airport,170,43097,,,,17,,0,,,153,0
2020-05-28,Returnee,15,829,,,,0,,0,,,15,0
2020-05-29,Domestic,16532,240334,,,,1556,,131,,,14085,874
2020-05-29,Airport,172,43600,,,,18,,0,,,154,0
2020-05-29,Returnee,15,829,,,,0,,0,,,15,0
2020-05-30,Domestic,16607,242734,,,,1466,,123,,,14237,886
2020-05-30,Airport,182,44191,,,,28,,0,,,154,0
2020-05-30,Returnee,15,829,,,,0,,0,,,15,0
2020-05-31,Domestic,16650,244824,,,,1452,,119,,,14290,891
2020-05-31,Airport,186,44783,,,,32,,0,,,154,0
2020-05-31,Returnee,15,829,,,,0,,0,,,15,0
2020-06-01,Domestic,16679,246100,,,,1436,,115,,,14333,892
2020-06-01,Airport,190,45640,,,,36,,0,,,154,0
2020-06-01,Returnee,15,829,,,,0,,0,,,15,0
2020-06-02,Domestic,16724,248662,,,,1341,,113,,,14481,894
2020-06-02,Airport,191,46892,,,,37,,0,,,154,0
2020-06-02,Returnee,15,829,,,,0,,0,,,15,0
2020-06-03,Domestic,16779,251808,,,,1270,,101,,,14602,900
2020-06-03,Airport,192,47640,,,,38,,0,,,154,0
2020-06-03,Returnee,15,829,,,,0,,0,,,15,0
2020-06-04,Domestic,16807,254229,,,,1207,,102,,,14690,903
2020-06-04,Airport,196,48575,,,,34,,0,,,162,0
2020-06-04,Returnee,15,829,,,,0,,0,,,15,0
2020-06-05,Domestic,16850,257330,,,,1141,,98,,,14795,907
2020-06-05,Airport,199,49303,,,,37,,0,,,162,0
2020-06-05,Returnee,15,829,,,,0,,0,,,15,0
2020-06-06,Domestic,16886,260551,,,,1064,,99,,,14901,914
2020-06-06,Airport,202,50067,,,,39,,0,,,163,0
2020-06-06,Returnee,15,829,,,,0,,0,,,15,0
2020-06-07,Domestic,16923,262642,,,,1042,,98,,,14961,916
2020-06-07,Airport,203,51012,,,,40,,0,,,163,0
2020-06-07,Returnee,15,829,,,,0,,0,,,15,0
2020-06-08,Domestic,16950,263962,,,,1060,,99,,,14970,916
2020-06-08,Airport,209,52057,,,,46,,0,,,163,0
2020-06-08,Returnee,15,829,,,,0,,0,,,15,0
2020-06-09,Domestic,16986,267069,,,,1028,,92,,,15035,916
2020-06-09,Airport,209,53155,,,,46,,0,,,163,0
2020-06-09,Returnee,15,829,,,,0,,0,,,15,0
2020-06-10,Domestic,17012,269976,,,,965,,91,,,15120,919
2020-06-10,Airport,224,53870,,,,61,,0,,,163,0
2020-06-10,Returnee,15,829,,,,0,,0,,,15,0
2020-06-11,Domestic,17051,273204,,,,923,,91,,,15200,920
2020-06-11,Airport,226,54697,,,,58,,0,,,168,0
2020-06-11,Returnee,15,829,,,,0,,0,,,15,0
2020-06-12,Domestic,17090,276032,,,,854,,82,,,15308,922
2020-06-12,Airport,227,55346,,,,57,,0,,,170,0
2020-06-12,Returnee,15,829,,,,0,,0,,,15,0
2020-06-13,Domestic,17135,279184,,,,810,,76,,,15395,924
2020-06-13,Airport,232,56148,,,,62,,0,,,170,0
2020-06-13,Returnee,15,829,,,,0,,0,,,15,0
2020-06-14,Domestic,17179,280720,,,,801,,73,,,15451,925
2020-06-14,Airport,235,57209,,,,58,,0,,,177,0
2020-06-14,Returnee,15,829,,,,0,,0,,,15,0
2020-06-15,Domestic,17238,281697,,,,819,,71,,,15493,925
2020-06-15,Airport,249,58392,,,,71,,0,,,178,0
2020-06-15,Returnee,15,829,,,,0,,0,,,15,0
2020-06-16,Domestic,17311,284092,,,,871,,80,,,15508,927
2020-06-16,Airport,261,59605,,,,83,,0,,,178,0
2020-06-16,Returnee,15,829,,,,0,,0,,,15,0
2020-06-17,Domestic,17350,286739,,,,760,,70,,,15657,931
2020-06-17,Airport,263,60483,,,,85,,0,,,178,0
2020-06-17,Returnee,15,829,,,,0,,0,,,15,0
2020-06-18,Domestic,17387,334250,,,,712,,62,,,15737,935
2020-06-18,Airport,266,61354,,,,88,,0,,,178,0
2020-06-18,Returnee,15,829,,,,0,,0,,,15,0
2020-06-19,Domestic,17426,340426,,,,707,,62,,,15811,935
2020-06-19,Airport,269,52125,,,,87,,0,,,182,0
2020-06-19,Returnee,15,829,,,,0,,0,,,15,0
2020-06-20,Domestic,17512,345249,,,,677,,61,,,15880,952
2020-06-20,Airport,272,62944,,,,90,,0,,,182,0
2020-06-20,Returnee,15,829,,,,0,,0,,,15,0
2020-06-21,Domestic,17577,347723,,,,711,,59,,,15911,953
2020-06-21,Airport,272,64117,,,,90,,0,,,182,0
2020-06-21,Returnee,15,829,,,,0,,0,,,15,0
2020-06-22,Domestic,17622,351850,,,,732,,59,,,15936,953
2020-06-22,Airport,279,65272,,,,97,,0,,,182,0
2020-06-22,Returnee,15,829,,,,0,,0,,,15,0
2020-06-23,Domestic,17671,357226,,,,706,,62,,,16007,955
2020-06-23,Airport,282,66712,,,,92,,0,,,190,0
2020-06-23,Returnee,15,829,,,,0,,0,,,15,0
2020-06-24,Domestic,17723,360948,,,,698,,60,,,16058,963
2020-06-24,Airport,286,67704,,,,96,,0,,,190,0
2020-06-24,Returnee,15,829,,,,0,,0,,,15,0
2020-06-25,Domestic,17802,365927,,,,713,,58,,,16116,967
2020-06-25,Airport,293,68739,,,,103,,0,,,189,1
2020-06-25,Returnee,15,829,,,,0,,0,,,15,0
2020-06-26,Domestic,17886,370382,,,,727,,51,,,16188,968
2020-06-26,Airport,296,69528,,,,106,,0,,,189,1
2020-06-26,Returnee,15,829,,,,0,,0,,,15,0
2020-06-27,Domestic,17980,375140,,,,757,,48,,,16248,970
2020-06-27,Airport,302,70620,,,,112,,0,,,189,1
2020-06-27,Returnee,15,829,,,,0,,0,,,15,0
2020-06-28,Domestic,18069,378673,,,,790,,45,,,16301,970
2020-06-28,Airport,306,72270,,,,116,,0,,,189,1
2020-06-28,Returnee,15,829,,,,0,,0,,,15,0
2020-06-29,Domestic,18154,380186,,,,822,,43,,,16353,971
2020-06-29,Airport,307,73594,,,,117,,0,,,189,1
2020-06-29,Returnee,15,829,,,,0,,0,,,15,0
2020-06-30,Domestic,18270,385696,,,,869,,42,,,16424,971
2020-06-30,Airport,308,74921,,,,115,,0,,,192,1
2020-06-30,Returnee,15,829,,,,0,,0,,,15,0
2020-07-01,Domestic,18394,390347,,,,897,,40,,,16522,973
2020-07-01,Airport,314,76268,,,,119,,0,,,194,1
2020-07-01,Returnee,15,829,,,,0,,0,,,15,0
2020-07-02,Domestic,18545,396911,,,,1006,,37,,,16563,974
2020-07-02,Airport,314,77568,,,,119,,0,,,194,1
2020-07-02,Returnee,15,829,,,,0,,0,,,15,0
2020-07-03,Domestic,18737,402371,,,,1105,,33,,,16654,975
2020-07-03,Airport,316,78677,,,,118,,0,,,197,1
2020-07-03,Returnee,15,829,,,,0,,0,,,15,0
2020-07-04,Domestic,18950,408968,,,,1224,,32,,,16747,976
2020-07-04,Airport,317,80490,,,,119,,0,,,197,1
2020-07-04,Returnee,15,829,,,,0,,0,,,15,0
2020-07-05,Domestic,19184,412102,,,,1386,,33,,,16838,976
2020-07-05,Airport,323,82233,,,,125,,0,,,197,1
2020-07-05,Returnee,15,829,,,,0,,0,,,15,0
2020-07-06,Domestic,19425,414720,,,,1550,,34,,,16912,976
2020-07-06,Airport,335,84349,,,,137,,0,,,197,1
2020-07-06,Returnee,15,829,,,,0,,0,,,15,0
2020-07-07,Domestic,19628,422948,,,,1671,,36,,,16981,977
2020-07-07,Airport,338,86216,,,,137,,0,,,201,1
2020-07-07,Returnee,15,829,,,,0,,0,,,15,0
2020-07-08,Domestic,19816,430047,,,,1721,,35,,,17115,979
2020-07-08,Airport,343,87334,,,,141,,0,,,201,1
2020-07-08,Returnee,15,829,,,,0,,0,,,15,0
2020-07-09,Domestic,20010,438166,,,,1776,,38,,,17250,980
2020-07-09,Airport,346,88551,,,,144,,0,,,201,1
2020-07-09,Returnee,15,829,,,,0,,0,,,15,0
2020-07-10,Domestic,20353,449671,,,,1929,,31,,,17436,981
2020-07-10,Airport,351,89911,,,,149,,0,,,201,1
2020-07-10,Returnee,15,829,,,,0,,0,,,15,0
2020-07-11,Domestic,20753,459538,,,,2139,,33,,,17633,981
2020-07-11,Airport,361,91291,,,,159,,0,,,201,1
2020-07-11,Returnee,15,829,,,,0,,0,,,15,0
2020-07-12,Domestic,21113,464900,,,,2339,,32,,,17787,981
2020-07-12,Airport,374,92893,,,,172,,0,,,201,1
2020-07-12,Returnee,15,829,,,,0,,0,,,15,0
2020-07-13,Domestic,21459,466738,,,,2587,,34,,,17887,981
2020-07-13,Airport,394,94538,,,,192,,0,,,201,1
2020-07-13,Returnee,15,829,,,,0,,0,,,15,0
2020-07-14,Domestic,21798,477290,,,,2754,,40,,,18066,981
2020-07-14,Airport,407,96313,,,,205,,0,,,201,1
2020-07-14,Returnee,15,829,,,,0,,0,,,15,0
2020-07-15,Domestic,22081,488444,,,,2789,,38,,,18312,983
2020-07-15,Airport,412,97433,,,,193,,0,,,218,1
2020-07-15,Returnee,15,829,,,,0,,0,,,15,0
2020-07-16,Domestic,22450,499787,,,,2885,,37,,,18580,984
2020-07-16,Airport,425,98623,,,,205,,0,,,219,1
2020-07-16,Returnee,15,829,,,,0,,0,,,15,0
2020-07-17,Domestic,23029,516470,,,,3191,,39,,,18862,984
2020-07-17,Airport,429,99750,,,,209,,0,,,219,1
2020-07-17,Returnee,15,829,,,,0,,0,,,15,0
2020-07-18,Domestic,23680,524327,,,,3560,,41,,,19132,984
2020-07-18,Airport,437,100993,,,,217,,0,,,219,1
2020-07-18,Returnee,15,829,,,,0,,0,,,15,0
2020-07-19,Domestic,24181,531493,,,,3865,,43,,,19342,984
2020-07-19,Airport,446,102675,,,,226,,0,,,219,1
2020-07-19,Returnee,15,829,,,,0,,0,,,15,0
2020-07-20,Domestic,24626,534755,,,,4113,,47,,,19523,984
2020-07-20,Airport,455,104237,,,,235,,0,,,219,1
2020-07-20,Returnee,15,829,,,,0,,0,,,15,0
2020-07-21,Domestic,25255,550714,,,,4345,,52,,,19921,987
2020-07-21,Airport,466,105992,,,,246,,0,,,219,1
2020-07-21,Returnee,15,829,,,,0,,0,,,15,0
2020-07-22,Domestic,25807,562828,,,,4421,,55,,,20403,988
2020-07-22,Airport,481,106962,,,,247,,0,,,233,1
2020-07-22,Returnee,15,829,,,,0,,0,,,15,0
2020-07-23,Domestic,26529,579185,,,,4751,,59,,,20787,989
2020-07-23,Airport,485,108022,,,,251,,0,,,233,1
2020-07-23,Returnee,15,829,,,,0,,0,,,15,0
2020-07-24,Domestic,27441,587495,,,,5369,,68,,,21080,991
2020-07-24,Airport,500,109188,,,,266,,0,,,233,1
2020-07-24,Returnee,15,829,,,,0,,0,,,15,0
2020-07-25,Domestic,28266,593190,,,,5949,,64,,,21319,992
2020-07-25,Airport,505,110381,,,,271,,0,,,233,1
2020-07-25,Returnee,15,829,,,,0,,0,,,15,0
2020-07-26,Domestic,28851,602720,,,,6315,,66,,,21514,995
2020-07-26,Airport,516,111734,,,,282,,0,,,233,1
2020-07-26,Returnee,15,829,,,,0,,0,,,15,0
2020-07-27,Domestic,29432,606505,,,,6573,,67,,,21868,995
2020-07-27,Airport,522,113167,,,,288,,0,,,233,1
2020-07-27,Returnee,15,829,,,,0,,0,,,15,0
2020-07-28,Domestic,30406,630687,,,,6828,,76,,,22560,997
2020-07-28,Airport,540,114713,,,,303,,0,,,236,1
2020-07-28,Returnee,15,829,,,,0,,0,,,15,0
2020-07-29,Domestic,31333,648773,,,,7063,,81,,,23256,1000
2020-07-29,Airport,553,115744,,,,316,,0,,,236,1
2020-07-29,Returnee,15,829,,,,0,,0,,,15,0
2020-07-30,Domestic,32459,667442,,,,7508,,90,,,23928,1003
2020-07-30,Airport,575,116953,,,,338,,0,,,236,1
2020-07-30,Returnee,15,829,,,,0,,0,,,15,0
2020-07-31,Domestic,33774,687129,,,,8062,,87,,,24678,1005
2020-07-31,Airport,583,118109,,,,246,,0,,,236,1
2020-07-31,Returnee,15,829,,,,0,,0,,,15,0
2020-08-01,Domestic,35233,704483,,,,8945,,80,,,25253,1010
2020-08-01,Airport,588,119436,,,,349,,0,,,238,1
2020-08-01,Returnee,15,829,,,,0,,0,,,15,0
2020-08-02,Domestic,36081,714089,,,,9427,,83,,,25653,1010
2020-08-02,Airport,593,121486,,,,354,,0,,,238,1
2020-08-02,Returnee,15,829,,,,0,,0,,,15,0
2020-08-03,Domestic,38072,724688,,,,10422,,87,,,26234,1011
2020-08-03,Airport,600,123598,,,,361,,0,,,238,1
2020-08-03,Returnee,15,829,,,,0,,0,,,15,0
2020-08-04,Domestic,39220,750482,,,,10963,,88,,,26944,1015
2020-08-04,Airport,623,125823,,,,384,,0,,,238,1
2020-08-04,Returnee,15,829,,,,0,,0,,,15,0
2020-08-05,Domestic,40485,769222,,,,11665,,104,,,27775,1021
2020-08-05,Airport,629,127289,,,,390,,0,,,238,1
2020-08-05,Returnee,15,829,,,,0,,0,,,15,0
2020-08-06,Domestic,41611,808945,,,,11910,,115,,,28624,1025
2020-08-06,Airport,637,128965,,,,398,,0,,,238,1
2020-08-06,Returnee,15,829,,,,0,,0,,,15,0
2020-08-07,Domestic,43152,830960,,,,12159,,131,,,29900,1032
2020-08-07,Airport,648,130126,,,,409,,0,,,238,1
2020-08-07,Returnee,15,829,,,,0,,0,,,15,0
2020-08-08,Domestic,44770,853658,,,,12539,,140,,,31054,1038
2020-08-08,Airport,654,131614,,,,415,,0,,,238,1
2020-08-08,Returnee,15,829,,,,0,,0,,,15,0
2020-08-09,Domestic,46105,867334,,,,13011,,156,,,32059,1039
2020-08-09,Airport,663,133118,,,,424,,0,,,238,1
2020-08-09,Returnee,15,829,,,,0,,0,,,15,0
2020-08-10,Domestic,47306,880670,,,,13633,,162,,,32805,1046
2020-08-10,Airport,669,134698,,,,430,,0,,,238,1
2020-08-10,Returnee,15,829,,,,0,,0,,,15,0
2020-08-11,Domestic,48238,887110,,,,13724,,171,,,33722,1051
2020-08-11,Airport,675,136296,,,,436,,0,,,238,1
2020-08-11,Returnee,15,829,,,,0,,0,,,15,0
2020-08-12,Domestic,49512,920049,,,,13610,,177,,,34635,1058
2020-08-12,Airport,683,137286,,,,444,,0,,,238,1
2020-08-12,Returnee,15,829,,,,0,,0,,,15,0
2020-08-13,Domestic,50444,945831,,,,13286,,203,,,35858,1062
2020-08-13,Airport,688,138662,,,,426,,0,,,261,1
2020-08-13,Returnee,15,829,,,,0,,0,,,15,0
2020-08-14,Domestic,51513,966893,,,,13039,,211,,,37165,1072
2020-08-14,Airport,689,139815,,,,389,,0,,,299,1
2020-08-14,Returnee,15,829,,,,0,,0,,,15,0
2020-08-15,Domestic,52869,1022133,,,,12976,,229,,,38600,1084
2020-08-15,Airport,693,141067,,,,362,,0,,,330,1
2020-08-15,Returnee,15,829,,,,0,,0,,,15,0
2020-08-16,Domestic,54002,1033883,,,,13072,,232,,,39715,1087
2020-08-16,Airport,697,142601,,,,346,,0,,,350,1
2020-08-16,Returnee,15,829,,,,0,,0,,,15,0
2020-08-17,Domestic,54952,1041321,,,,13008,,243,,,40794,1098
2020-08-17,Airport,700,144318,,,,312,,0,,,387,1
2020-08-17,Returnee,15,829,,,,0,,0,,,15,0
2020-08-18,Domestic,55958,1067156,,,,12767,,243,,,41853,1114
2020-08-18,Airport,712,146160,,,,295,,0,,,416,1
2020-08-18,Returnee,15,829,,,,0,,0,,,15,0
2020-08-19,Domestic,56820,1088286,,,,12084,,239,,,43379,1127
2020-08-19,Airport,715,147065,,,,273,,0,,,441,1
2020-08-19,Returnee,15,829,,,,0,,0,,,15,0
2020-08-20,Domestic,57766,1110223,,,,11686,,237,,,44771,1143
2020-08-20,Airport,720,148370,,,,239,,0,,,480,1
2020-08-20,Returnee,15,829,,,,0,,0,,,15,0
2020-08-21,Domestic,58978,1132112,,,,11709,,243,,,45938,1154
2020-08-21,Airport,728,149752,,,,213,,0,,,514,1
2020-08-21,Returnee,15,829,,,,0,,0,,,15,0
2020-08-22,Domestic,59988,1153978,,,,11597,,243,,,47045,1168
2020-08-22,Airport,730,151321,,,,167,,0,,,562,1
2020-08-22,Returnee,15,829,,,,0,,0,,,15,0
2020-08-23,Domestic,61001,1167326,,,,11732,,254,,,47946,1175
2020-08-23,Airport,731,152924,,,,141,,0,,,589,1
2020-08-23,Returnee,15,829,,,,0,,0,,,15,0
2020-08-24,Domestic,61754,1178279,,,,11718,,259,,,48716,1180
2020-08-24,Airport,738,154776,,,,128,,0,,,609,1
2020-08-24,Returnee,15,829,,,,0,,0,,,15,0
2020-08-25,Domestic,62364,1200330,,,,11211,,252,,,49794,1195
2020-08-25,Airport,742,156469,,,,119,,0,,,622,1
2020-08-25,Returnee,15,829,,,,0,,0,,,15,0
2020-08-26,Domestic,63060,1218568,,,,10647,,245,,,51034,1208
2020-08-26,Airport,747,157386,,,,107,,0,,,639,1
2020-08-26,Returnee,15,829,,,,0,,0,,,15,0
2020-08-27,Domestic,63901,1237921,,,,10306,,238,,,52169,1225
2020-08-27,Airport,752,158650,,,,112,,0,,,639,1
2020-08-27,Returnee,15,829,,,,0,,0,,,15,0
2020-08-28,Domestic,64801,1259467,,,,10111,,227,,,53318,1237
2020-08-28,Airport,757,160293,,,,94,,0,,,662,1
2020-08-28,Returnee,15,829,,,,0,,0,,,15,0
2020-08-29,Domestic,65645,1278064,,,,9697,,230,,,54650,1254
2020-08-29,Airport,763,161933,,,,86,,0,,,676,1
2020-08-29,Returnee,15,829,,,,0,,0,,,15,0
2020-08-30,Domestic,66481,1290979,,,,9696,,234,,,55471,1263
2020-08-30,Airport,768,163802,,,,89,,0,,,678,1
2020-08-30,Returnee,15,829,,,,0,,0,,,15,0
2020-08-31,Domestic,67077,1300556,,,,9649,,236,,,56109,1278
2020-08-31,Airport,773,165747,,,,94,,0,,,678,1
2020-08-31,Returnee,15,829,,,,0,,0,,,15,0
2020-09-01,Domestic,67595,1322085,,,,9135,,234,,,57130,1295
2020-09-01,Airport,782,168061,,,,103,,0,,,678,1
2020-09-01,Returnee,15,829,,,,0,,0,,,15,0
2020-09-02,Domestic,68196,1340216,,,,9108,,225,,,57735,1306
2020-09-02,Airport,790,169417,,,,111,,0,,,678,1
2020-09-02,Returnee,15,829,,,,0,,0,,,15,0
2020-09-03,Domestic,68785,1364339,,,,8604,,218,,,58827,1318
2020-09-03,Airport,799,171053,,,,116,,0,,,682,1
2020-09-03,Returnee,15,829,,,,0,,0,,,15,0
2020-09-04,Domestic,69450,1387330,,,,8363,,214,,,59720,1329
2020-09-04,Airport,803,172346,,,,120,,0,,,682,1
2020-09-04,Returnee,15,829,,,,0,,0,,,15,0
2020-09-05,Domestic,70051,1402787,,,,7957,,210,,,60726,1348
2020-09-05,Airport,810,173828,,,,105,,0,,,704,1
2020-09-05,Returnee,15,829,,,,0,,0,,,15,0
2020-09-06,Domestic,70592,1414717,,,,7908,,211,,,61357,1356
2020-09-06,Airport,812,175349,,,,107,,0,,,704,1
2020-09-06,Returnee,15,829,,,,0,,0,,,15,0
2020-09-07,Domestic,71025,1418892,,,,7868,,209,,,61817,1362
2020-09-07,Airport,816,176840,,,,111,,0,,,704,1
2020-09-07,Returnee,15,829,,,,0,,0,,,15,0
2020-09-08,Domestic,71398,1442904,,,,7439,,202,,,62563,1376
2020-09-08,Airport,821,178416,,,,116,,0,,,704,1
2020-09-08,Returnee,15,829,,,,0,,0,,,15,0
2020-09-09,Domestic,71889,1457541,,,,7098,,202,,,63381,1392
2020-09-09,Airport,822,179353,,,,117,,0,,,704,1
2020-09-09,Returnee,15,829,,,,0,,0,,,15,0
2020-09-10,Domestic,72381,1480613,,,,6839,,198,,,64116,1405
2020-09-10,Airport,825,180649,,,,120,,0,,,704,1
2020-09-10,Returnee,15,829,,,,0,,0,,,15,0
2020-09-11,Domestic,73058,1502919,,,,6761,,191,,,64871,1411
2020-09-11,Airport,828,181963,,,,123,,0,,,704,1
2020-09-11,Returnee,15,829,,,,0,,0,,,15,0
2020-09-12,Domestic,73694,1519398,,,,6684,,190,,,65561,1422
2020-09-12,Airport,835,183507,,,,130,,0,,,704,1
2020-09-12,Returnee,15,829,,,,0,,0,,,15,0
2020-09-13,Domestic,74360,1529943,,,,6754,,180,,,66180,1438
2020-09-13,Airport,843,185188,,,,138,,0,,,704,1
2020-09-13,Returnee,15,829,,,,0,,0,,,15,0
2020-09-14,Domestic,74797,1530415,,,,6841,,185,,,66504,1441
2020-09-14,Airport,845,186811,,,,121,,0,,,723,1
2020-09-14,Returnee,15,829,,,,0,,0,,,15,0
2020-09-15,Domestic,75093,1555861,,,,6567,,174,,,67073,1450
2020-09-15,Airport,850,188621,,,,106,,0,,,743,1
2020-09-15,Returnee,15,829,,,,0,,0,,,15,0
2020-09-16,Domestic,75582,1576024,,,,6346,,178,,,67754,1460
2020-09-16,Airport,851,189625,,,,87,,0,,,763,1
2020-09-16,Returnee,15,829,,,,0,,0,,,15,0
2020-09-17,Domestic,76135,1594338,,,,6174,,167,,,68473,1472
2020-09-17,Airport,859,191175,,,,93,,0,,,765,1
2020-09-17,Returnee,15,829,,,,0,,0,,,15,0
2020-09-18,Domestic,76610,1617651,,,,6014,,170,,,69117,1481
2020-09-18,Airport,869,193036,,,,93,,0,,,767,1
2020-09-18,Returnee,15,829,,,,0,,0,,,15,0
2020-09-19,Domestic,77183,1635256,,,,6028,,161,,,69700,1494
2020-09-19,Airport,875,195161,,,,94,,0,,,780,1
2020-09-19,Returnee,15,829,,,,0,,0,,,15,0
2020-09-20,Domestic,77762,1644786,,,,6026,,159,,,70231,1499
2020-09-20,Airport,880,196891,,,,95,,0,,,784,1
2020-09-20,Returnee,15,829,,,,0,,0,,,15,0
2020-09-21,Domestic,78234,1650939,,,,6132,,163,,,70597,1499
2020-09-21,Airport,891,198893,,,,98,,0,,,792,1
2020-09-21,Returnee,15,829,,,,0,,0,,,15,0
2020-09-22,Domestic,78525,1653717,,,,6168,,164,,,70841,1507
2020-09-22,Airport,898,200694,,,,105,,0,,,792,1
2020-09-22,Returnee,15,829,,,,0,,0,,,15,0
2020-09-23,Domestic,78847,1657103,,,,6125,,165,,,71174,1511
2020-09-23,Airport,906,201761,,,,113,,0,,,792,1
2020-09-23,Returnee,15,829,,,,0,,0,,,15,0
2020-09-24,Domestic,79116,1684028,,,,5904,,166,,,71699,1519
2020-09-24,Airport,910,203299,,,,85,,0,,,824,1
2020-09-24,Returnee,15,829,,,,0,,0,,,15,0
2020-09-25,Domestic,79565,1703049,,,,5381,,163,,,72643,1531
2020-09-25,Airport,917,204829,,,,84,,0,,,832,1
2020-09-25,Returnee,15,829,,,,0,,0,,,15,0
2020-09-26,Domestic,80118,1731575,,,,5260,,156,,,73304,1539
2020-09-26,Airport,922,206423,,,,89,,0,,,832,1
2020-09-26,Returnee,15,829,,,,0,,0,,,15,0
2020-09-27,Domestic,80747,1742097,,,,5446,,160,,,73739,1544
2020-09-27,Airport,928,208323,,,,74,,0,,,853,1
2020-09-27,Returnee,15,829,,,,0,,0,,,15,0
2020-09-28,Domestic,81181,1746647,,,,5498,,159,,,74122,1547
2020-09-28,Airport,935,210497,,,,81,,0,,,853,1
2020-09-28,Returnee,15,829,,,,0,,0,,,15,0
2020-09-29,Domestic,81537,1766397,,,,5373,,161,,,74589,1556
2020-09-29,Airport,942,212703,,,,86,,0,,,855,1
2020-09-29,Returnee,15,829,,,,0,,0,,,15,0
2020-09-30,Domestic,82053,1870073,,,,5324,,151,,,75151,1563
2020-09-30,Airport,942,213992,,,,85,,0,,,859,1
2020-09-30,Returnee,15,829,,,,0,,0,,,15,0
2020-10-01,Domestic,82597,1889535,,,,5298,,151,,,75708,1570
2020-10-01,Airport,951,215599,,,,83,,0,,,867,1
2020-10-01,Returnee,15,829,,,,0,,0,,,15,0
2020-10-02,Domestic,83236,1907206,,,,5320,,145,,,76327,1577
2020-10-02,Airport,964,217727,,,,86,,0,,,877,1
2020-10-02,Returnee,15,829,,,,0,,0,,,15,0
2020-10-03,Domestic,83783,1929066,,,,5275,,137,,,76913,1589
2020-10-03,Airport,970,220189,,,,90,,0,,,879,1
2020-10-03,Returnee,15,829,,,,0,,0,,,15,0
2020-10-04,Domestic,84340,1942750,,,,5314,,133,,,77414,1596
2020-10-04,Airport,984,222552,,,,97,,0,,,886,1
2020-10-04,Returnee,15,829,,,,0,,0,,,15,0
2020-10-05,Domestic,84733,1947678,,,,5401,,131,,,77698,1598
2020-10-05,Airport,991,224528,,,,94,,0,,,896,1
2020-10-05,Returnee,15,829,,,,0,,0,,,15,0
2020-10-06,Domestic,85030,1969543,,,,5258,,140,,,78148,1601
2020-10-06,Airport,1002,226459,,,,93,,0,,,908,1
2020-10-06,Returnee,15,829,,,,0,,0,,,15,0
2020-10-07,Domestic,85521,1989978,,,,5130,,141,,,78750,1604
2020-10-07,Airport,1007,227846,,,,95,,0,,,911,1
2020-10-07,Returnee,15,829,,,,0,,0,,,15,0
2020-10-08,Domestic,85992,2011379,,,,5056,,143,,,79301,1612
2020-10-08,Airport,1013,229421,,,,101,,0,,,911,1
2020-10-08,Returnee,15,829,,,,0,,0,,,15,0
2020-10-09,Domestic,86606,2032776,,,,5160,,141,,,79807,1615
2020-10-09,Airport,1018,231078,,,,106,,0,,,911,1
2020-10-09,Returnee,15,829,,,,0,,0,,,15,0
2020-10-10,Domestic,87191,2052473,,,,5120,,147,,,80425,1623
2020-10-10,Airport,1027,232768,,,,110,,0,,,916,1
2020-10-10,Returnee,15,829,,,,0,,0,,,15,0
2020-10-11,Domestic,87858,2063276,,,,5292,,145,,,80893,1626
2020-10-11,Airport,1039,234940,,,,122,,0,,,916,1
2020-10-11,Returnee,15,829,,,,0,,0,,,15,0
2020-10-12,Domestic,88288,2068353,,,,5443,,146,,,81182,1628
2020-10-12,Airport,1044,236851,,,,127,,0,,,916,1
2020-10-12,Returnee,15,829,,,,0,,0,,,15,0
2020-10-13,Domestic,88609,2091588,,,,5245,,148,,,81690,1633
2020-10-13,Airport,1049,238594,,,,132,,0,,,916,1
2020-10-13,Returnee,15,829,,,,0,,0,,,15,0
2020-10-14,Domestic,89070,2111416,,,,5162,,150,,,82223,1637
2020-10-14,Airport,1055,239986,,,,134,,0,,,920,1
2020-10-14,Returnee,15,829,,,,0,,0,,,15,0
2020-10-15,Domestic,89637,2133253,,,,5054,,146,,,82899,1645
2020-10-15,Airport,1058,241845,,,,134,,0,,,923,1
2020-10-15,Returnee,15,829,,,,0,,0,,,15,0
2020-10-16,Domestic,90354,2153990,,,,5176,,148,,,83509,1649
2020-10-16,Airport,1062,243589,,,,134,,0,,,927,1
2020-10-16,Returnee,15,829,,,,0,,0,,,15,0
2020-10-17,Domestic,90979,2174691,,,,5205,,148,,,84088,1660
2020-10-17,Airport,1069,245523,,,,141,,0,,,927,1
2020-10-17,Returnee,15,829,,,,0,,0,,,15,0
2020-10-18,Domestic,91560,2184587,,,,5326,,145,,,84535,1669
2020-10-18,Airport,1081,248249,,,,145,,0,,,935,1
2020-10-18,Returnee,15,829,,,,0,,0,,,15,0
2020-10-19,Domestic,92023,2189710,,,,5375,,144,,,84961,1673
2020-10-19,Airport,1089,250611,,,,123,,0,,,965,1
2020-10-19,Returnee,15,829,,,,0,,0,,,15,0
2020-10-20,Domestic,92373,2211630,,,,5174,,143,,,85518,1675
2020-10-20,Airport,1092,253054,,,,111,,0,,,980,1
2020-10-20,Returnee,15,829,,,,0,,0,,,15,0
2020-10-21,Domestic,92819,2227116,,,,5031,,150,,,86100,1678
2020-10-21,Airport,1099,254540,,,,106,,0,,,992,1
2020-10-21,Returnee,15,829,,,,0,,0,,,15,0
2020-10-22,Domestic,93405,2249260,,,,5037,,150,,,86648,1684
2020-10-22,Airport,1104,256307,,,,100,,0,,,1003,1
2020-10-22,Returnee,15,829,,,,0,,0,,,15,0
2020-10-23,Domestic,94014,2272678,,,,5067,,151,,,87227,1693
2020-10-23,Airport,1109,258464,,,,105,,0,,,1003,1
2020-10-23,Returnee,15,829,,,,0,,0,,,15,0
2020-10-24,Domestic,94706,2295558,,,,5216,,155,,,87765,1705
2020-10-24,Airport,1114,260827,,,,106,,0,,,1007,1
2020-10-24,Returnee,15,829,,,,0,,0,,,15,0
2020-10-25,Domestic,95392,2308769,,,,5436,,159,,,88237,1710
2020-10-25,Airport,1127,263897,,,,96,,0,,,1030,1
2020-10-25,Returnee,15,829,,,,0,,0,,,15,0
2020-10-26,Domestic,95924,2314196,,,,5503,,162,,,88658,1717
2020-10-26,Airport,1135,266431,,,,98,,0,,,1036,1
2020-10-26,Returnee,15,829,,,,0,,0,,,15,0
2020-10-27,Domestic,96340,2336798,,,,5499,,165,,,89092,1724
2020-10-27,Airport,1143,268572,,,,101,,0,,,1041,1
2020-10-27,Returnee,15,829,,,,0,,0,,,15,0
2020-10-28,Domestic,96958,2362512,,,,5446,,166,,,89746,1729
2020-10-28,Airport,1143,270262,,,,96,,0,,,1046,1
2020-10-28,Returnee,15,829,,,,0,,0,,,15,0
2020-10-29,Domestic,97687,2385576,,,,5642,,161,,,90251,1732
2020-10-29,Airport,1150,272181,,,,93,,0,,,1056,1
2020-10-29,Returnee,15,829,,,,0,,0,,,15,0
2020-10-30,Domestic,98453,2406080,,,,5848,,156,,,90811,1743
2020-10-30,Airport,1154,274758,,,,89,,0,,,1064,1
2020-10-30,Returnee,15,829,,,,0,,0,,,15,0
2020-10-31,Domestic,99214,2427862,,,,6012,,161,,,91392,1754
2020-10-31,Airport,1163,277477,,,,94,,0,,,1068,1
2020-10-31,Returnee,15,829,,,,0,,0,,,15,0
2020-11-01,Domestic,99959,2439260,,,,6246,,160,,,91877,1765
2020-11-01,Airport,1172,281216,,,,103,,0,,,1068,1
2020-11-01,Returnee,15,829,,,,0,,0,,,15,0
2020-11-02,Domestic,100618,2445474,,,,6474,,163,,,92300,1773
2020-11-02,Airport,1180,284221,,,,111,,0,,,1068,1
2020-11-02,Returnee,15,829,,,,0,,0,,,15,0
2020-11-03,Domestic,101078,2467009,,,,6469,,163,,,92760,1779
2020-11-03,Airport,1188,287608,,,,107,,0,,,1080,1
2020-11-03,Returnee,15,829,,,,0,,0,,,15,0
2020-11-04,Domestic,101693,2474486,,,,6634,,165,,,93192,1785
2020-11-04,Airport,1192,288777,,,,103,,0,,,1088,1
2020-11-04,Returnee,15,829,,,,0,,0,,,15,0
2020-11-05,Domestic,102619,2496326,,,,6707,,183,,,94003,1793
2020-11-05,Airport,1204,290388,,,,108,,0,,,1095,1
2020-11-05,Returnee,15,829,,,,0,,0,,,15,0
2020-11-06,Domestic,103558,2525859,,,,7075,,189,,,94637,1805
2020-11-06,Airport,1209,291995,,,,104,,0,,,1104,1
2020-11-06,Returnee,15,829,,,,0,,0,,,15,0
2020-11-07,Domestic,104682,2554096,,,,7501,,194,,,95330,1808
2020-11-07,Airport,1217,291443,,,,100,,0,,,1116,1
2020-11-07,Returnee,15,829,,,,0,,0,,,15,0
2020-11-08,Domestic,105827,2567556,,,,7904,,196,,,96057,1811
2020-11-08,Airport,1244,293163,,,,118,,0,,,1125,1
2020-11-08,Returnee,15,829,,,,0,,0,,,15,0
2020-11-09,Domestic,106806,2575560,,,,8346,,204,,,96511,1817
2020-11-09,Airport,1263,294737,,,,134,,0,,,1128,1
2020-11-09,Returnee,15,829,,,,0,,0,,,15,0
2020-11-10,Domestic,107696,2601036,,,,8702,,208,,,97114,1828
2020-11-10,Airport,1272,296556,,,,126,,0,,,1145,1
2020-11-10,Returnee,15,829,,,,0,,0,,,15,0
2020-11-11,Domestic,108865,2626215,,,,9048,,204,,,97932,1840
2020-11-11,Airport,1276,297511,,,,114,,0,,,1161,1
2020-11-11,Returnee,15,829,,,,0,,0,,,15,0
2020-11-12,Domestic,110409,2659896,,,,9676,,226,,,98819,1850
2020-11-12,Airport,1287,298849,,,,115,,0,,,1171,1
2020-11-12,Returnee,15,829,,,,0,,0,,,15,0
2020-11-13,Domestic,111970,2689808,,,,10243,,231,,,99824,1866
2020-11-13,Airport,1313,300427,,,,133,,0,,,1179,1
2020-11-13,Returnee,15,829,,,,0,,0,,,15,0
2020-11-14,Domestic,113649,2713846,,,,10923,,234,,,100789,1879
2020-11-14,Airport,1319,301670,,,,133,,0,,,1185,1
2020-11-14,Returnee,15,829,,,,0,,0,,,15,0
2020-11-15,Domestic,115327,2730497,,,,11759,,243,,,101632,1882
2020-11-15,Airport,1335,303998,,,,144,,0,,,1190,1
2020-11-15,Returnee,15,829,,,,0,,0,,,15,0
2020-11-16,Domestic,116774,2739624,,,,12358,,251,,,102454,1884
2020-11-16,Airport,1347,305471,,,,141,,0,,,1205,1
2020-11-16,Returnee,15,829,,,,0,,0,,,15,0
2020-11-17,Domestic,117960,2769733,,,,12564,,272,,,103406,1902
2020-11-17,Airport,1351,307137,,,,134,,0,,,1216,1
2020-11-17,Returnee,15,829,,,,0,,0,,,15,0
2020-11-18,Domestic,119441,2797367,,,,12978,,276,,,104464,1912
2020-11-18,Airport,1359,308363,,,,140,,0,,,1218,1
2020-11-18,Returnee,15,829,,,,0,,0,,,15,0
2020-11-19,Domestic,121580,2831997,,,,13833,,280,,,105701,1921
2020-11-19,Airport,1371,309838,,,,132,,0,,,1238,1
2020-11-19,Returnee,15,829,,,,0,,0,,,15,0
2020-11-20,Domestic,123867,2869807,,,,14708,,291,,,107148,1942
2020-11-20,Airport,1385,311568,,,,124,,0,,,1260,1
2020-11-20,Returnee,15,829,,,,0,,0,,,15,0
2020-11-21,Domestic,126256,2911577,,,,15627,,313,,,108608,1962
2020-11-21,Airport,1394,313261,,,,124,,0,,,1269,1
2020-11-21,Returnee,15,829,,,,0,,0,,,15,0
2020-11-22,Domestic,128750,2936501,,,,16822,,323,,,109870,1973
2020-11-22,Airport,1414,315193,,,,135,,0,,,1278,1
2020-11-22,Returnee,15,829,,,,0,,0,,,15,0
2020-11-23,Domestic,130917,2956890,,,,17878,,331,,,110970,1980
2020-11-23,Airport,1426,316935,,,,141,,0,,,1284,1
2020-11-23,Returnee,15,829,,,,0,,0,,,15,0
2020-11-24,Domestic,132479,2966450,,,,18392,,345,,,112012,1988
2020-11-24,Airport,1435,319044,,,,121,,0,,,1313,1
2020-11-24,Returnee,15,829,,,,0,,0,,,15,0
2020-11-25,Domestic,133939,3010223,,,,18388,,376,,,113394,2000
2020-11-25,Airport,1446,320340,,,,129,,0,,,1316,1
2020-11-25,Returnee,15,829,,,,0,,0,,,15,0
2020-11-26,Domestic,135787,3051275,,,,18565,,410,,,115032,2021
2020-11-26,Airport,1459,321959,,,,127,,0,,,1331,1
2020-11-26,Returnee,15,829,,,,0,,0,,,15,0
2020-11-27,Domestic,138011,3093909,,,,19105,,435,,,116778,2050
2020-11-27,Airport,1465,323782,,,,122,,0,,,1342,1
2020-11-27,Returnee,15,829,,,,0,,0,,,15,0
2020-11-28,Domestic,140568,3137260,,,,19508,,440,,,118998,2073
2020-11-28,Airport,1485,325583,,,,138,,0,,,1346,1
2020-11-28,Returnee,15,829,,,,0,,0,,,15,0
2020-11-29,Domestic,143139,3159567,,,,20992,,462,,,120530,2105
2020-11-29,Airport,1499,328270,,,,152,,0,,,1346,1
2020-11-29,Returnee,15,829,,,,0,,0,,,15,0
2020-11-30,Domestic,145231,3171542,,,,20914,,472,,,122072,2118
2020-11-30,Airport,1514,330165,,,,155,,0,,,1358,1
2020-11-30,Returnee,15,829,,,,0,,0,,,15,0
2020-12-01,Domestic,147155,3212877,,,,20900,,493,,,124088,2138
2020-12-01,Airport,1524,332210,,,,156,,0,,,1367,1
2020-12-01,Returnee,15,829,,,,0,,0,,,15,0
2020-12-02,Domestic,148837,3257166,,,,20601,,488,,,125897,2171
2020-12-02,Airport,1534,333602,,,,141,,0,,,1392,1
2020-12-02,Returnee,15,829,,,,0,,0,,,15,0
2020-12-03,Domestic,151263,3300402,,,,21044,,497,,,127814,2212
2020-12-03,Airport,1549,335281,,,,136,,0,,,1412,1
2020-12-03,Returnee,15,829,,,,0,,0,,,15,0
2020-12-04,Domestic,153658,3337225,,,,21567,,505,,,129740,2239
2020-12-04,Airport,1559,337190,,,,137,,0,,,1421,1
2020-12-04,Returnee,15,829,,,,0,,0,,,15,0
2020-12-05,Domestic,156093,3375370,,,,21739,,520,,,131995,2282
2020-12-05,Airport,1566,338931,,,,132,,0,,,1433,1
2020-12-05,Returnee,15,829,,,,0,,0,,,15,0
2020-12-06,Domestic,158500,3397683,,,,22249,,519,,,133820,2314
2020-12-06,Airport,1583,341634,,,,140,,0,,,1442,1
2020-12-06,Returnee,15,829,,,,0,,0,,,15,0
2020-12-07,Domestic,160452,3415295,,,,22535,,530,,,135434,2334
2020-12-07,Airport,1600,344181,,,,145,,0,,,1454,1
2020-12-07,Returnee,15,829,,,,0,,0,,,15,0
2020-12-08,Domestic,162298,3453032,,,,22187,,536,,,137516,2381
2020-12-08,Airport,1616,346828,,,,152,,0,,,1463,1
2020-12-08,Returnee,15,829,,,,0,,0,,,15,0
2020-12-09,Domestic,164203,3493092,,,,22412,,555,,,139124,2419
2020-12-09,Airport,1622,348603,,,,138,,0,,,1483,1
2020-12-09,Returnee,15,829,,,,0,,0,,,15,0
2020-12-10,Domestic,166928,3547649,,,,22683,,543,,,141494,2464
2020-12-10,Airport,1630,350491,,,,132,,0,,,1497,1
2020-12-10,Returnee,15,829,,,,0,,0,,,15,0
2020-12-11,Domestic,169890,3592261,,,,23646,,554,,,143491,2501
2020-12-11,Airport,1637,352740,,,,128,,0,,,1508,1
2020-12-11,Returnee,15,829,,,,0,,0,,,15,0
2020-12-12,Domestic,172638,3646095,,,,23867,,578,,,145987,2533
2020-12-12,Airport,1646,354630,,,,123,,0,,,1522,1
2020-12-12,Returnee,15,829,,,,0,,0,,,15,0
2020-12-13,Domestic,175608,3674298,,,,24981,,583,,,147740,2561
2020-12-13,Airport,1664,357689,,,,132,,0,,,1531,1
2020-12-13,Returnee,15,829,,,,0,,0,,,15,0
2020-12-14,Domestic,177960,3687442,,,,25536,,588,,,149391,2584
2020-12-14,Airport,1678,360439,,,,136,,0,,,1541,1
2020-12-14,Returnee,15,829,,,,0,,0,,,15,0
2020-12-15,Domestic,180162,3741200,,,,25093,,592,,,151949,2642
2020-12-15,Airport,1693,363619,,,,137,,0,,,1555,1
2020-12-15,Returnee,15,829,,,,0,,0,,,15,0
2020-12-16,Domestic,182326,3787017,,,,25142,,618,,,153971,2687
2020-12-16,Airport,1701,364743,,,,139,,0,,,1561,1
2020-12-16,Returnee,15,829,,,,0,,0,,,15,0
2020-12-17,Domestic,185386,3841320,,,,25287,,605,,,156695,2738
2020-12-17,Airport,1702,367647,,,,124,,0,,,1577,1
2020-12-17,Returnee,15,829,,,,0,,0,,,15,0
2020-12-18,Domestic,188415,3903759,,,,25629,,609,,,159176,2782
2020-12-18,Airport,1708,370045,,,,112,,0,,,1595,1
2020-12-18,Returnee,15,829,,,,0,,0,,,15,0
2020-12-19,Domestic,191303,3960180,,,,26064,,598,,,161686,2827
2020-12-19,Airport,1713,372008,,,,105,,0,,,1607,1
2020-12-19,Returnee,15,829,,,,0,,0,,,15,0
2020-12-20,Domestic,194139,3987229,,,,26743,,593,,,163702,2872
2020-12-20,Airport,1726,374828,,,,109,,0,,,1616,1
2020-12-20,Returnee,15,829,,,,0,,0,,,15,0
2020-12-21,Domestic,196757,3999511,,,,26816,,603,,,165873,2899
2020-12-21,Airport,1751,378727,,,,125,,0,,,1625,1
2020-12-21,Returnee,15,829,,,,0,,0,,,15,0
2020-12-22,Domestic,198864,4055161,,,,27147,,620,,,167693,2943
2020-12-22,Airport,1779,383283,,,,144,,0,,,1634,1
2020-12-22,Returnee,15,829,,,,0,,0,,,15,0
2020-12-23,Domestic,201301,4086271,,,,26863,,619,,,170458,2993
2020-12-23,Airport,1797,386156,,,,154,,0,,,1642,1
2020-12-23,Returnee,15,829,,,,0,,0,,,15,0
2020-12-24,Domestic,204317,4158529,,,,27077,,644,,,173205,3049
2020-12-24,Airport,1807,388421,,,,147,,0,,,1659,1
2020-12-24,Returnee,15,829,,,,0,,0,,,15,0
